Exact_name,Market_cap,Short_name,Today_rank,Today_rate
Bitcoin,188033776226,BTC,1,11175.30
Dogecoin,857158415,DOGE,38,0.007591
Electroneum,726974039,ETN,43,0.122109
Hshare,743606320,HSR,42,17.48
Decred,616583341,DCR,48,93.04
Kucoin Shares,644784362,KCS,46,7.08
Komodo,678481842,KMD,45,6.56
Ark,679697147,ARK,44,6.94
Pivx,547474178,PIVX,53,9.88
Waves,886039000,WAVES,37,8.86
Verge,1319098775,XVG,27,0.090888
Bitshares,1102992375,BTS,32,0.423006
Stratis,1221287027,STRAT,29,12.37
Kingn Coin,85653,KNC,1091,42.64
Bt1 [Cst],,BT,1488,18273.00
Zcash,1435947389,ZEC,26,458.14
Global Business Revolution,,GBRC,1487,0.001694
Siacoin,1201043874,SC,30,0.038254
Ocow,,OCOW,1486,0.000017
Bitfid,,FID,1483,0.025435
Rhfcoin,,RHFC,1482,0.001025
Operand,,OP,1481,0.002392
Invisiblecoin,,IVZ,1480,0.573832
Bytecoin,1207831268,BCN,30,0.006576
Wincoin,,WC,1485,1.34
Trickycoin,,TRICK,1479,0.010593
Hyper,,HYPER,1478,0.159766
Linkedcoin,,LKC,1475,0.000445
Moneta,,MONETA,1474,0.000779
Psilocybin,,PSY,1476,0.038900
Deltacredits,,DCRE,1470,0.202185
Gameleaguecoin,,GML,1469,0.014808
Lepen,,LEPEN,1467,0.000223
Dashs,,DASHS,1466,0.082945
Frankywillcoin,,FRWC,1473,0.003785
Lathaan,,LTH,1464,0.001113
Kashhcoin,,KASHH,1463,0.000111
Cybercoin,,CC,1462,0.000223
Voyacoin,,VOYA,1461,1.20
Utacoin,,UTA,1458,0.001447
Sportscoin,,SPORT,1457,0.001670
Axiom,,AXIOM,1456,0.016144
Bubble,,BUB,1460,0.032287
Futcoin,,FUTC,1459,0.001893
The Vegan Initiative,,XVE,1455,0.001002
Thecreed,,TCR,1453,0.000668
Karmacoin,,KARMA,1454,0.000111
Teamup,,TEAM,1447,0.000334
Cycling Coin,,CYC,1451,0.002115
Prismchain,,PRM,1452,0.002227
Xaucoin,,XAU,1444,0.044534
Royalcoin,,ROYAL,1446,0.009352
Mobilecash,,MBL,1444,0.000557
Xde Ii,,XDE,1443,5.31
Regacoin,,REGA,1442,0.004342
X2,,X,1440,0.000334
Rupaya [Old],,RUPX,1439,0.006569
Huncoin,,HNC,1438,0.003229
Eggcoin,,EGG,1441,0.026052
Mmxvi,,MMXVI,1437,0.005901
Qora,,QORA,1436,0.400416
Darklisk,,DISK,1435,0.002338
Yescoin,,YES,1434,0.000111
Tattoocoin (Limited Edition),,TLE,1432,1.99
International Diamond,,XID,1430,0.005010
Richcoin,,RICHX,1433,0.011579
Omicron,,OMC,1427,0.176800
Namocoin,,NAMO,1426,0.000111
Lazaruscoin,,LAZ,1428,0.001670
Moneycoin,,MONEY,1423,0.000111
Aseancoin,,ASN,1425,0.009241
Bitalphacoin,,BAC,1422,0.006903
Birds,,BIRDS,1424,0.000668
Fireflycoin,,FFC,1419,0.000111
Pinkdog,,PDG,1417,0.000779
Runners,,RUNNERS,1416,0.000668
Primulon,,PRIMU,1413,0.000640
Rabbitcoin,,RBBT,1412,0.000062
Avatarcoin,,AV,1414,0.067135
Mavro,,MAVRO,1418,0.109776
Digital Bullion Gold,,DBG,1408,0.004342
Peoplecoin,,MEN,1404,0.000111
Betacoin,,BET,1406,0.011690
Pokecoin,,POKE,1410,0.000223
Halloween Coin,,HALLO,1400,0.000780
Paypeer,,PAYP,1399,0.000111
Bastonet,,BSN,1397,0.002227
Dutch Coin,,DUTCH,1401,0.001113
Avoncoin,,ACN,1396,0.001336
Topaz Coin,,TOPAZ,1394,0.912836
Cbd Crystals,,CBD,1393,0.002227
Glasscoin,,GLS,1388,0.443559
Cheapcoin,,CHEAP,1389,0.001002
Elacoin,,ELC,1391,0.551220
Deuscoin,,DEUS,1395,0.188602
Cashme,,CME,1384,0.000223
Netbit,,NBIT,1385,0.029161
Teracoin,,TERA,1386,0.000023
Antimatter,,ANTX,1382,0.000334
Granite,,GRN,1381,0.027611
Aces,,ACES,1380,0.004561
Uncoin,,UNC,1374,0.000111
Bt2 [Cst],,BT,1383,94.69
Francs,,FRN,1370,0.100870
Ugain,,GAIN,1368,0.015121
Marxcoin,,MARX,1365,0.005233
Bitok,,BITOK,1362,0.000223
Shellcoin,,SHELL,1364,0.085839
Opescoin,,OPES,1363,0.004119
Gay Money,,GAY,1365,0.082499
Universalroyalcoin,,UNRC,1353,0.003829
Shacoin,,SHA,1360,0.006903
Landcoin,,LDCN,1361,0.008311
Blazercoin,,BLAZR,1351,0.005218
Alpacoin,,APC,1355,0.015566
Wink,,WINK,1350,0.003145
Vulcano,,VULC,1349,0.009951
High Gain,,HIGH,1348,0.000891
Mergecoin,,MGC,1352,0.013137
India Coin,,INDIA,1346,0.001893
Dynamiccoin,,DMC,1344,0.006708
Ur,,UR,1341,0.005233
Sakuracoin,,SKR,1344,0.010466
Bitbase,,BTB,1347,0.002895
Akuya Coin,,AKY,1339,0.043421
Todaycoin,,TODAY,1338,0.001670
Flappycoin,,FLAP,1340,0.000019
Edrcoin,,EDRC,1335,0.190684
Turbocoin,,TURBO,1337,0.000223
Donationcoin,,DON,1332,0.003897
Wa Space,,WA,1334,0.031508
Cubits,,QBT,1328,0.011356
Zilbercoin,,ZBC,1336,0.087674
Quotient,,XQN,1323,0.013360
Pirate Blocks,,SKULL,1331,0.008903
Vpncoin,,VASH,1330,0.005567
Bestchain,,BEST,1320,0.017632
Wowcoin,,WOW,1323,0.000395
Rcoin,,RCN,1322,0.000111
Tellurion,,TELL,1320,0.001219
Goldmaxcoin,,GMX,1319,0.006349
Dubstep,,DUB,1317,0.004008
Fonziecoin,,FONZ,1316,0.003897
Peepcoin,,PCN,1315,0.000028
Xtd Coin,,XTD,1314,0.000223
Irishcoin,,IRL,1313,0.037854
T-Coin,,TCOIN,1311,0.000347
Sharkcoin,,SAK,1310,0.009119
Topcoin,,TOP,1309,0.005567
Happy Creator Coin,,HCC,1307,0.000111
Phantomx,,PNX,1305,0.150859
Techshares,,THS,1304,0.552222
Animecoin,,ANI,1303,0.002783
Tokyo,,TOKC,1300,0.005436
Safecoin,,SFE,1302,0.000111
Bitcedi,,BXC,1294,0.049989
Protean,,PRN,1295,0.000112
Compcoin,,CMP,1291,18.37
Pabyosi Coin (Special),,PCS,1298,0.048990
Fazzcoin,,FAZZ,1290,0.156809
Kzcash,,KZC,1290,6.09
Rublebit,,RUBIT,1293,0.030506
Magnetcoin,,MAGN,1288,0.790479
Peacecoin,,PEC,1286,0.018593
First Bitcoin,,BIT,1287,0.087955
Boscoin,,BOS,1284,2.54
Magiccoin,,MAGE,1282,1.95
Sigmacoin,,SIGMA,1282,0.072436
Msd,,MSD,1280,0.006527
Zsecoin,,ZSE,1265,0.082646
Bitcoin God,,GOD,1275,69.55
Casinocoin,,CSC,1265,0.001225
Cyder,,CYDER,1281,0.016812
Wearesatoshi,,WSX,1261,0.023158
Golfcoin,,GOLF,1257,0.000779
Terranova,,TER,1271,35.52
Galactrum,,ORE,1256,9.58
B3Coin,,KB,1255,0.037075
Html5Coin,,HTML,1254,0.002672
Golos Gold,,GBG,1260,0.185542
Harvest Masternode Coin,,HC,1244,2.50
Sparks,,SPK,1240,11.14
Infinity Economics,,XIN,1247,0.016589
Clubcoin,,CLUB,1238,2.06
Jiyo,,JIYO,1237,0.071254
Swisscoin,,SIC,1234,0.003785
Strikebitclub,,SBC,1230,0.161547
Infchain,,INF,1229,0.013546
Bitcoin Lightning,,BLT,1226,8.71
Infinitecoin,,IFC,1223,0.000351
Davorcoin,,DAV,1222,66.80
Bitsoar,,BSR,1220,0.122469
Ea Coin,,EAG,1208,0.831478
Ignition,,IC,1217,37.03
United Bitcoin,,UBTC,1209,108.01
Tokugawa,,TOK,1218,4.01
Bitcoin Atom [Futures],,BCA,1189,89.64
Homeblockcoin,,HBC,1220,2.55
Filecoin [Futures],,FIL,1206,23.49
Safe Trade Coin,,XSTC,1202,0.003451
Qbic,,QBIC,1198,31.92
Segwit2X,,"B,X",1185,19.48
Fargocoin,,FRGC,1178,10.42
Lightning Bitcoin [Futures],,LBTC,1182,176.56
Super Bitcoin,,SBTC,1169,102.31
Aidos Kuneen,,ADK,1165,53.44
Bitcoinx,,BCX,1148,0.025655
Tezos (Pre-Launch),,XTZ,1163,3.90
Stronghands,,SHND,1203,0.000003
Ofcoin,,OF,1135,0.004247
Bitcoin Diamond,,BCD,1139,18.98
Atmcoin,,ATMC,1130,7.09
Digital Credits,2595,DGCS,1127,0.000445
Pizzacoin,4449,PIZZA,1125,0.003229
Ebittree Coin,2675,EBT,1126,0.002115
Coffeecoin,4577,CFC,1124,0.000031
Sydpak,18291,SDP,1120,0.114256
Selfiecoin,12005,SLFI,1122,0.000111
Save And Gain,22521,SANDG,1118,0.007348
Nodecoin,22611,NODC,1117,0.013472
Rawcoin,27611,XRC,1116,0.039170
P7Coin,39212,"P,C",1114,0.001113
Crtcoin,42363,CRT,1112,0.534408
Levoplus,39592,LVPS,1113,0.020498
Cabbage,44250,CAB,1111,0.004214
Letitride,44729,LIR,1110,0.001225
Biobar,36981,BIOB,1115,0.041751
High Voltage,47910,HVCO,1108,0.032065
Orlycoin,53041,ORLY,1106,0.001447
Antilitecoin,52627,ALTC,1107,0.001670
Xonecoin,54036,XOC,1105,0.128658
G3N,55566,"G,N",1104,0.007348
Impulsecoin,58605,IMPS,1103,0.002895
Ego,60121,EGO,1102,0.001002
Osmiumcoin,62111,OS,1100,0.069473
Posex,63913,PEX,1099,0.026052
Credence Coin,60326,CRDNC,1101,0.017603
Tagrcoin,73190,TAGR,1097,0.001893
Zonecoin,45994,ZNE,1109,0.017814
Gamebet Coin,75753,GBT,1096,0.003563
Bowscoin,76004,BSC,1095,0.013694
Shilling,77111,SH,1094,0.013917
Unrealcoin,64911,URC,1098,0.009241
Steps,85018,STEPS,1092,0.004565
Ride My Car,78930,RIDE,1093,0.000779
Bioscrypto,88091,BIOS,1090,0.004231
Arbit,99337,ARB,1087,0.012136
Zayedcoin,100103,ZYD,1086,0.016032
Pulse,98703,PULSE,1088,0.006903
Destiny,105100,DES,1085,0.065688
Plncoin,106550,PLNC,1082,0.006235
Cryptoworldx Token,106223,CWXT,1083,0.001781
Torcoin,106204,TOR,1084,0.335898
Quebecoin,106871,QBC,1081,0.007125
Printerium,109045,PRX,1080,0.009224
Billarycoin,111133,BLRY,1079,0.012358
Dappster,111335,DLISK,1077,0.001113
Playercoin,117303,PLACO,1075,0.003340
Litecred,114115,LTCR,1076,0.003775
Mindcoin,111298,MND,1078,0.007014
Beavercoin,120288,BVC,1074,0.038612
Flavorcoin,134948,FLVR,1071,0.006457
Metal Music Coin,124257,MTLMC,1072,0.001559
Uro,140331,URO,1068,0.116234
Vip Tokens,139365,VIP,1069,0.001670
Piecoin,138993,PIE,1070,0.012581
Dreamcoin,144648,DRM,1067,0.058896
Californium,154133,CF,1066,0.063684
Antibitcoin,163337,ANTI,1065,0.009352
Islacoin,173584,ISL,1064,0.114675
Vaperscoin,173710,VPRC,1063,0.000223
Guccionecoin,176162,GCC,1062,0.008684
Bitcoin 21,185432,XBTC,1061,0.233804
Yacoin,201449,YAC,1059,0.001670
Firecoin,208144,FIRE,1058,2.12
Blackstar,210689,BSTAR,1057,0.000334
Jewels,215705,JWL,1054,0.010688
Vectorai,211720,VEC,1056,0.012581
Tychocoin,195786,TYCHO,1060,0.038967
Virta Unique Coin,246866,VUC,1052,0.004008
Sacoin,232822,SAC,1053,0.033178
Gbcgoldcoin,215002,GBC,1055,0.018923
Goldpieces,312040,GP,1048,0.255737
Sling,284539,SLING,1049,0.264910
Freicoin,280451,FRC,1050,0.009352
Sproutsextreme,319154,SPEX,1047,0.000111
Mao Zedong,344448,MAO,1044,0.055222
Gold Pressed Latinum,329873,GPL,1045,1.29
Cypher,328827,CYP,1046,0.051659
Jin Coin,388135,JIN,1041,0.038967
Wmcoin,352622,WMC,1042,0.030590
Bitcoin Planet,404277,BTPL,1038,0.067024
Cashcoin,392792,CASH,1039,0.008239
Secretcoin,349804,SCRT,1043,0.082722
Satoshimadness,445492,MAD,1036,0.000223
Dollarcoin,467407,DLC,1035,0.051326
Securecoin,388800,SRC,1040,0.046333
Joincoin,508508,J,1032,0.167003
Globalcoin,486140,GLC,1033,0.007459
Px,547441,PX,1031,0.005567
Bitz,555912,BITZ,1030,0.279228
Btctalkcoin,603338,TALK,1028,0.009241
Grantcoin,485529,GRT,1034,0.011133
Flycoin,638009,FLY,1027,3.03
Fimkrypto,642408,FIMK,1026,0.001113
Valorbit,677771,VAL,1025,0.000111
Fincoin,701489,FNC,1024,0.054469
Wayguide,723973,WAY,1023,0.007237
Colossuscoin V2,787857,CV,1021,0.000334
Icoin,921624,ICN,1019,0.031397
Stress,943791,STS,1018,0.001670
Metalcoin,950661,METAL,1017,0.012358
Signatum,1021798,SIGT,1015,0.009463
Bittokens,1094972,BXT,1013,1.90
Tattoocoin (Standard Edition),1077187,TSE,1014,0.011913
Ambercoin,1260109,AMBER,1011,0.028836
Ultimate Secure Cash,1111243,USC,1012,0.107438
Prototanium,1005200,PR,1016,5.12
Pascal Lite,1434760,PASL,1007,0.291449
Universe,1307117,UNI,1010,0.090116
Maxcoin,1436627,MAX,1006,0.023380
Britcoin,1755558,BRIT,1005,0.082544
Shadowcash,1881192,SDC,1004,0.280979
Cryptcoin,2749156,CRYPT,998,0.452913
Tao,11627131,XTO,993,0.355028
Corgicoin,2090636,CORG,1001,0.001670
Shorty,1926100,SHORTY,1003,0.019261
Peerplays,47522012,PPY,990,12.02
Virtacoin,13873871,VTA,991,0.002667
Yashcoin,2004091,YASH,1002,0.200403
Applecoin,25,APW,989,0.000223
Abncoin,2254,ABN,988,0.033289
Digital Money Bits,3752,DMB,987,0.008907
Tristar Coin,9516,TSTR,985,0.001893
Magnum,22510,MGM,980,0.005567
Harmonycoin,4422,HMC,986,0.007878
Caliphcoin,16371,CALC,982,0.002461
Ulatech,19609,ULA,981,0.096973
Concoin,24030,CONX,979,0.032287
Agrolifecoin,24778,AGLC,978,0.003006
Geysercoin,16342,GSR,983,0.348702
Ibank,27213,IBANK,977,0.006012
Project-X,40082,NANOX,974,512141
Crevacoin,35505,CREVA,976,0.000976
Coimatic 2.0,41421,CTIC,973,0.003061
Vault Coin,41655,VLTC,972,0.001371
Elysium,49049,ELS,969,0.012247
Rsgpcoin,48773,RSGP,971,28.20
Coupecoin,49520,COUPE,968,0.000227
Bitvolt,48794,VOLT,970,0.003229
Argus,49772,ARGUS,967,0.043343
Cybcsec,79053,XCS,964,0.006680
Jobscoin,59018,JOBS,965,0.000557
Wild Beast Block,81016,WBB,963,0.445340
Slevin,93521,SLEVIN,962,0.001336
Geertcoin,96917,GEERT,960,0.019036
Warp,97306,WARP,959,0.088845
Prcoin,100553,PRC,957,0.005790
Womencoin,100819,WOMEN,956,0.002280
Speedcash,99434,SCS,958,0.379764
Dollar Online,102217,DOLLAR,955,0.135606
Anarchistsprime,115526,ACP,953,0.026287
Socialcoin,117027,SOCC,952,0.084503
Iconic,118818,ICON,951,0.200403
Cryptoescudo,96264,CESC,961,0.000668
Artex Coin,125015,ATX,950,0.006656
Milocoin,132492,MILO,949,0.012279
Litecoin Ultra,135994,LTCU,947,0.138812
Master Swiscoin,133101,MSCN,948,0.002948
Ponzicoin,143326,PONZI,944,0.166446
Braincoin,143855,BRAIN,943,0.014251
Aerium,149530,AERM,941,0.098279
Neuro,170022,NRO,939,0.003785
Boat,140422,BOAT,945,0.007571
Leacoin,182430,LEA,936,0.000557
Roofs,159210,ROOFS,940,0.001225
Crypto,188413,CTO,934,0.014696
Luna Coin,182858,LUNA,935,0.107158
Zetamicron,200518,ZMC,929,0.000334
Healthywormcoin,201564,WORM,928,0.001781
Asiadigicoin,188748,ADCN,933,0.007571
Cthulhu Offerings,209075,OFF,927,0.079716
Enigma,211672,XNG,926,0.402810
Allion,198169,ALL,930,0.031966
Bnrtxcoin,219990,BNX,923,0.007905
Spots,222475,SPT,922,0.009929
Global Tour Coin,222944,GTC,921,0.007459
Usde,232507,USDE,919,0.000205
Allsafe,229657,ASAFE,920,0.028006
Tajcoin,214921,TAJ,924,0.026236
Comet,254519,CMT,914,0.291602
Solarflarecoin,251922,SFC,916,0.017888
Theresa May Coin,258701,MAY,913,0.008892
Impact,243844,IMX,917,0.002227
X-Coin,279374,XCO,911,0.022558
Bipcoin,260705,BIP,912,0.160211
Digital Rupees,284351,DRS,910,0.000557
Benjirolls,236831,BENJI,918,0.011680
Hempcoin,302084,HMP,906,0.000223
Ecocoin,302970,ECO,905,0.262709
Gpu Coin,310949,GPU,904,0.007682
Money,301423,,908,0.006569
Soilcoin,301548,SOIL,908,0.052884
Tekcoin,314868,TEK,903,0.000223
Acoin,324118,ACOIN,900,0.265652
Franko,320207,FRK,901,0.344025
Sojourn,324128,SOJ,899,0.668011
Coinonat,326191,CXT,898,0.037827
Bitquark,332952,BTQ,897,0.035405
Kronecoin,353016,KRONE,893,0.076709
Advanced Internet Blocks,350864,AIB,895,0.014695
Paycon,351987,CON,894,0.015275
Evotion,355120,EVO,891,0.110585
Nevacoin,345119,NEVA,896,0.135381
Compucoin,364702,CPN,889,0.018593
Fuzzballs,371234,FUZZ,887,0.076861
Globaltoken,362381,GLT,890,0.012956
Creatio,376603,XCRE,886,0.018353
Cannation,380986,CNNC,883,0.153816
Songcoin,378868,SONG,884,0.011634
Honey,394187,HONEY,882,0.979425
Cachecoin,397107,CACH,881,0.094659
Briacoin,424208,BRIA,879,0.639300
Flaxscript,367505,FLAX,888,0.065688
Virtacoinplus,433892,XVP,878,0.039702
Icobid,488144,ICOB,861,0.004560
Rupaya,413348,RUPX,880,0.067030
Beatcoin,452133,XBTS,874,0.296542
Marijuanacoin,454136,MAR,873,0.278338
Spacecoin,469150,SPACE,869,0.021913
Eryllium,467682,ERY,871,0.083272
Votecoin,468757,VOT,870,0.028453
Independent Money System,480257,IMS,864,0.089451
Ronpaulcoin,482939,RPC,863,0.531620
Mustangcoin,480192,MST,865,0.761794
Reecoin,489900,REE,860,0.000191
Rubies,474811,RBIES,866,0.045588
Bitgem,487607,BTG,862,8.13
Eurocoin,503940,EUC,859,0.040586
Prime-Xi,521580,PXI,857,0.027936
Sixeleven,511736,,858,1.17
Kayicoin,536791,KAYI,854,0.001888
Catcoin,528258,CAT,855,0.084058
Darsek,538933,KED,853,0.032621
808Coin,581241,,847,0.000146
Starcash Network,573167,STARS,850,0.668122
Globalboost-Y,576101,BSTY,849,0.042448
Marscoin,576166,MARS,848,0.020374
Bitcoal,551111,COAL,851,0.122469
Philosopher Stones,585237,PHS,845,0.097307
Motocoin,598519,MOTO,842,0.032314
Zurcoin,585532,ZUR,844,0.006680
Cannacoin,611841,CCN,840,0.130151
Yenten,584556,YTN,845,0.201517
Gameunits,601604,UNITS,841,0.173224
Virtualcoin,615159,VC,838,0.061123
Emerald Crypto,623624,EMD,835,0.032621
Litecoin Plus,612571,LCP,839,0.653648
Sativacoin,629283,STV,833,0.088774
Hexx,623798,HXX,834,0.412345
Bumbacoin,633707,BUMBA,832,0.028028
Gapcoin,642209,GAP,831,0.051882
Coin2.1,644653,C,830,0.008239
Mincoin,654659,MNC,829,0.157243
Quatloo,658287,QTL,827,0.085283
Tagcoin,663510,TAG,825,0.108310
Parallelcoin,690244,DUO,822,2.20
Bolivarcoin,693150,BOLI,821,0.077994
Litebitcoin,693222,LBTC,820,0.023953
Berncash,685560,BERN,823,0.009624
Helleniccoin,705739,HNC,819,0.010882
Aquariuscoin,657881,ARCO,828,0.421141
Goldreserve,726475,XGR,817,0.042307
Revolvercoin,725358,XRE,818,0.032287
Bitcoin Fast,757285,BCF,815,0.137388
Mineum,741330,MNM,817,0.078561
Evil Coin,777750,EVIL,814,0.037000
Argentum,811618,ARG,810,0.091621
Zozocoin,789255,ZZC,813,1.34
Ratecoin,809222,XRA,811,0.006893
Elcoin,818187,EL,809,0.072994
Chesscoin,846910,CHESS,805,0.015674
C-Bit,831229,XCT,808,0.005273
Onix,842012,ONX,807,0.030694
Redcoin,849832,RED,804,0.011468
Postcoin,851001,POST,803,0.053629
Sooncoin,797828,SOON,803,0.064018
Phoenixcoin,871742,PXC,801,0.013694
Swing,897171,SWING,795,0.305261
Chancoin,880731,CHAN,799,0.122469
8Bit,898173,BIT,794,0.611901
Ethereum Dark,892397,ETHD,797,0.594931
Sterlingcoin,908256,SLG,792,0.214949
Xios,940940,XIOS,791,0.437710
Paycoin,902665,XPY,793,0.076208
Chronos,891705,CRX,798,0.012094
Veltor,944968,VLT,790,1.70
Grimcoin,961770,GRIM,788,0.020663
Blakecoin,958018,BLC,789,0.063350
Crave,1034974,CRAVE,782,0.692159
Adcoin,987814,ACC,785,0.177809
Tigercoin,969434,TGC,787,0.022267
Hicoin,1036874,XHI,781,0.005465
Coin(O),1042316,CNO,779,0.009909
Whalecoin,1070112,WHL,776,0.178459
Mojocoin,1076703,MOJO,775,0.088566
Kushcoin,1064751,KUSH,777,0.194449
Pioneer Coin,1082285,PCOIN,773,0.598315
Digicube,1081787,CUBE,774,0.000445
Titcoin,1083999,TIT,772,0.021724
Dashcoin,1113172,DSH,770,0.063339
Pakcoin,1150982,PAK,764,0.024260
Platinumbar,1163838,XPTX,763,2.23
Nekonium,1101813,NUKO,771,0.122580
Goldblocks,1202353,GB,760,0.078456
Litebar,1184094,LTB,761,1.39
Truckcoin,1203477,TRK,759,0.007237
Hitcoin,1224275,HTC,758,0.000111
Ammo Reloaded,1229636,AMMO,757,0.015810
Madcoin,1238895,MDC,756,0.680857
Joulecoin,1257993,XJO,755,0.036098
Biblepay,1280030,BBP,753,0.003451
Opal,1280421,OPAL,752,0.084544
Trumpcoin,1258288,TRUMP,754,0.192075
Happycoin,1290195,HPC,751,0.096397
Triangles,1292106,TRI,750,12.41
Unicoin,1296374,UNIC,749,0.434875
Octocoin,1335359,,746,0.025774
Debitcoin,195777,DBTC,931,0.010877
Bitcurrency,1416170,BTCR,741,0.008350
Coinonatx,1603064,XCXT,735,0.088665
Macron,1522764,MCRN,739,0.003793
Visio,1570620,VISIO,738,0.030847
Atomic Coin,1618345,ATOM,733,0.117619
Sagacoin,1610411,SAGA,734,7.26
Bigup,1625250,BIGUP,732,0.000763
Netko,1644503,NETKO,731,0.351864
Fantomcoin,1676580,FCN,729,0.244937
Trollcoin,1714328,TROLL,726,0.003017
Dfscoin,1711046,DFS,727,0.102285
Purevidz,1725341,VIDZ,724,0.013772
Kurrent,1720982,KURT,725,0.028045
Eternity,1733004,ENT,723,0.419845
Rimbit,1753812,RBT,721,0.008876
Swagbucks,1734686,BUCKS,722,4.99
Hobonickels,1821290,HBN,717,0.028390
Bitstar,1793515,BITS,719,0.077710
Fuelcoin,1822388,FC,716,0.017925
Supercoin,1814065,SUPER,718,0.037822
Deutsche Emark,1827018,DEM,715,0.053844
Blakestar,1840171,BLAS,713,0.006967
Altcommunity Coin,1848811,ALTCOM,711,8.93
Orbitcoin,1841246,ORB,712,0.588517
Woodcoin,1788305,LOG,720,0.222559
Capricoin,1881464,CPC,708,0.945438
Gaia,1875647,GAIA,709,0.077823
Aricoin,1889546,ARI,706,0.013472
Teslacoin,1893663,TES,705,0.025607
Machinecoin,1942778,MAC,702,0.095329
Qubitcoin,1963265,"Q,C",698,0.007905
Kobocoin,1956445,KOBO,699,0.079208
Nyancoin,1952909,NYAN,701,0.006123
Daxxcoin,1966538,DAXX,697,0.003897
I0Coin,1986145,"I,C",696,0.094635
Zennies,1993409,ZENI,695,0.001992
Smartcoin,2020877,SMC,692,0.084908
Bitbar,1883816,BTB,707,52.31
Iticoin,2022550,ITI,691,63.20
Amsterdamcoin,2018628,AMS,694,0.040210
Hodlcoin,2031229,HODL,690,0.012360
Cryptocarbon,2077637,CCRB,689,0.583260
Quazarcoin,522667,QCN,856,0.077935
Piggycoin,2091549,PIGGY,688,0.004276
Growers International,2198988,GRWI,681,1.87
Elementrem,2108030,ELE,686,0.081275
Inflationcoin,2114881,IFLT,685,0.000058
Guncoin,2184554,GUN,682,0.010911
Ultracoin,2095437,UTC,687,0.045981
Zetacoin,2448253,ZET,671,0.014619
Scorecoin,2385448,SCORE,674,0.057154
Lanacoin,2201559,LANA,680,0.002560
Steneum Coin,2567445,STN,669,1.21
Petrodollar,2275051,XPD,676,0.035551
Skeincoin,2612936,SKC,666,0.196840
Kekcoin,2592243,KEK,667,0.246719
Mazacoin,2702433,MZC,663,0.002561
Influxcoin,2679405,INFX,664,1.60
Incakoin,2816424,NKA,658,0.000223
Abjcoin,2715453,ABJ,662,0.328541
Desire,2726910,DSR,660,2.69
Moin,2816765,MOIN,657,0.381424
Cream,2800435,CRM,659,0.062228
Droxne,2828279,DRXNE,655,0.042864
Fastcoin,2864815,FST,654,0.018257
Bytecent,2869668,BYC,653,1.46
Tittiecoin,2940966,TTC,652,0.002334
Netcoin,2979582,NET,650,0.003785
42-Coin,2984157,,649,71051.40
Megacoin,2967448,MEC,651,0.080806
Unbreakablecoin,2990641,UNB,648,1.31
Cryptonite,3068780,XCN,645,0.007924
Renos,3037127,RNS,647,0.091052
Digitalcoin,3050286,DGC,645,0.109289
Litedoge,3284929,LDOGE,637,0.000220
Halcyon,3102397,HAL,643,0.568254
Canada Ecoin,3242603,CDN,639,0.033286
Copico,3119431,XCPO,642,0.198101
Fluttercoin,3401461,FLT,636,0.007793
Bata,3509969,BTA,634,0.702739
Bitradio,3567326,BRO,632,0.588870
Arcticcoin,3577573,ARC,630,0.145266
Cryptojacks,3621546,CJ,628,0.008908
Leviarcoin,3869775,XLC,624,0.370412
Fujicoin,3890717,FJC,622,0.003040
Aurumcoin,3201995,AU,640,10.77
Unitus,3723163,UIS,626,0.079579
Popularcoin,3804472,POP,625,0.001116
Bitcoin Scrypt,3575998,BTCS,631,0.215322
Draftcoin,3954311,DFT,620,1.41
Carboncoin,3947682,CARBON,621,0.000256
Linx,3870365,LINX,623,0.243188
Unify,4085388,UNIFY,618,0.229137
Version,3985372,V,619,0.008350
Worldcoin,4101056,WDC,615,0.034797
Campuscoin,4233619,CMPCO,614,0.012765
Greencoin,4321712,GRE,613,0.001156
Digitalprice,4584295,DP,609,0.252361
Crypto Bullion,4624270,CBX,607,4.59
Ixcoin,4698483,IXC,603,0.223747
Centurion,4580435,CNT,610,0.062000
Luckchain,4621903,BASH,608,0.006456
Thegcccoin,5067232,GCC,595,0.008907
Dinastycoin,4394311,DCY,612,0.003006
Footy Cash,4729137,XFT,602,1.03
Condensate,4693599,RAIN,604,0.046183
Anoncoin,4934237,ANC,597,2.34
Adzcoin,4969308,ADZ,596,0.114150
Gcn Coin,5070511,GCN,594,0.000034
Denarius,5235111,DNR,591,2.36
Equitrader,5534750,EQT,587,0.548129
Parkbyte,5336996,PKB,589,1.12
Yocoin,5170742,YOC,593,0.046944
Martexcoin,5593951,MXT,585,1.95
Huntercoin,5569931,HUC,586,0.264421
Ellaism,5830345,ELLA,581,1.39
Bluecoin,5920908,BLU,579,0.010303
Karbo,6060236,KRB,572,1.16
E-Gulden,5968889,EFL,576,0.365629
Eboost,5711496,EBST,583,0.475958
Quark,5921407,QRK,578,0.023292
Op Coin,5785281,OPC,582,0.092408
Evergreencoin,6376680,EGC,567,0.478683
Straks,6412732,STAK,566,5.79
Force,6148062,FOR,570,0.056208
Monkey Project,6267102,MONK,568,17.64
Zephyr,6019752,ZEPH,573,0.047779
Putincoin,6420899,PUT,565,0.020307
Bunnycoin,6600425,BUN,563,0.000064
Dynamic,7156600,DYN,554,3.79
Terracoin,7092556,TRC,557,0.320676
Magi,6689760,XMG,560,0.863219
Zero,7232841,ZER,552,2.96
Trustplus,7098293,TRUST,556,0.221223
Noblecoin,7494165,NOBL,550,0.003229
Creativecoin,7690713,CREA,549,0.581600
Zeitcoin,7139541,ZEIT,555,0.000193
Vtorrent,8323405,VTR,541,0.769548
1337,8462263,,537,0.000340
Startcoin,8847764,START,533,0.196269
Pure,8203661,PURE,543,2.61
Sexcoin,8378070,SXC,540,0.066568
Hollywoodcoin,8487849,HWC,536,8.92
Dnotes,8870819,NOTE,532,0.067626
Europecoin,8697157,ERC,534,0.870752
Vivo,8944383,VIVO,531,7.92
Exclusivecoin,9095268,EXCL,527,2.05
2Give,9020498,GIVE,529,0.017368
Toacoin,9036137,TOA,528,0.006788
Magnet,9198397,MAG,525,0.769994
Interstellar Holdings,10073805,HOLD,516,0.089375
Chips,9677675,CHIPS,518,0.468879
Blockpool,9353268,BPL,522,0.419544
Breakout Stake,9724115,BRX,517,1.55
Rupee,9403513,RUP,520,0.410339
Chaincoin,9355992,CHC,521,0.642738
Riecoin,10178585,RIC,514,0.248391
Kore,10557408,KORE,508,5.22
Ufo Coin,10666373,UFO,505,0.003006
Bela,10347818,BELA,512,0.260868
Nubits,10467051,USNBT,509,0.990546
Goldcoin,10723777,GLD,503,0.262920
Factom,388836968,FCT,70,44.46
Nxt,321758900,NXT,82,0.322081
Zclassic,454899964,ZCL,63,143.50
Monacoin,351385980,MONA,78,6.17
Smartcash,411007457,SMART,69,0.651735
Syscoin,334471720,SYS,80,0.630494
Cryptonex,370477008,CNX,73,8.22
Digibyte,536440507,DGB,55,0.055031
Nexus,344963061,NXS,79,6.25
Raiblocks,1723166876,XRB,22,12.93
Byteball Bytes,510341609,GBYTE,57,790.96
Bitcoin Gold,3097221629,BTG,16,184.52
Qtum,2992928388,QTUM,18,40.54
Steem,1617145328,STEEM,24,6.53
Monero,4852143045,XMR,13,310.15
Lisk,2561731997,LSK,20,21.83
Dash,6208723237,DASH,12,792.00
Stellar,10947878183,XLM,6,0.612709
Vechain,3218031314,VEN,15,7.07
Ethereum Classic,2889462962,ETC,19,29.08
Nem,8397152999,XEM,10,0.933017
Neo,8896095000,NEO,8,136.86
Iota,6560664303,MIOTA,11,2.36
Cardano,16404653852,ADA,5,0.632723
Litecoin,9746027761,LTC,7,177.47
Ethereum,101455677387,ETH,2,1043.74
Ripple,50634384003,XRP,3,1.31
Bitcoin Cash,27463157641,BCH,4,1622.03
Experience Points,307412748,XP,85,0.001450
Gxshares,321639600,GXS,82,5.36
Reddcoin,301984963,RDD,86,0.010510
Bitcore,271496093,BTX,92,24.92
Particl,228487486,PART,105,34.22
Skycoin,211550061,SKY,111,29.07
Gamecredits,238587171,GAME,102,3.71
Vertcoin,198675952,VTC,114,4.66
Emercoin,216802160,EMC,107,5.26
Neblio,266846149,NEBL,94,20.92
Bitcoindark,199634441,BTCD,113,154.89
Paccoin,173841691,PAC,123,0.000068
Zcoin,294867220,XZC,89,74.52
Digitalnote,199551183,XDN,116,0.028943
Achain,194857200,ACT,118,0.649524
Ubiq,184211503,UBQ,121,4.68
Bridgecoin,176313240,BCO,122,6.53
Blocknet,166021571,BLOCK,132,33.30
Counterparty,151647055,XCP,138,57.94
Nav Coin,171608194,NAV,126,2.75
Xtrabytes,136233030,XBY,147,0.316821
Asch,124424159,XAS,151,1.35
Bitconnect,97886608,BCC,180,10.66
Bitbay,127267076,BAY,153,0.126090
Zencash,115510424,ZEN,167,37.57
Peercoin,121444329,PPC,161,4.94
Htmlcoin,134227694,HTML,150,0.002678
Electra,98564193,ECA,179,0.004361
Dimecoin,60226271,DIME,239,0.000112
Gulden,103277753,NLG,176,0.264167
Einsteinium,135209839,EMC,150,0.624916
Viacoin,92243397,VIA,187,4.02
Metaverse Etp,97138398,ETP,181,2.62
Lbry Credits,90800731,LBC,188,0.629017
Hempcoin,90202472,THC,191,0.391370
Ecc,82921000,ECC,197,0.003317
Rise,85153653,RISE,195,0.752645
Decent,90386963,DCT,191,1.76
Ion,71878191,ION,210,3.73
Cloakcoin,80840389,CLOAK,202,16.00
Aeon,70663570,AEON,214,4.59
Burst,83734525,BURST,196,0.046510
Minexcoin,70308600,MNX,216,23.44
I/O Coin,66875191,IOC,228,4.05
Groestlcoin,69175134,GRS,219,0.998328
Spectrecoin,67423240,XSPEC,224,3.24
Pura,62183253,PURA,237,0.360376
Shift,66690179,SHIFT,226,5.72
Lykke,68878703,LKK,221,0.256796
Salus,66393393,SLS,225,65.75
Voxels,59831940,VOX,241,0.284914
Crown,61770752,CRW,239,3.66
Namecoin,58147624,NMC,245,3.95
Mooncoin,57646634,MOON,246,0.000258
Steem Dollars,49540188,SBD,263,7.02
Potcoin,51311887,POT,262,0.234034
Flash,48132450,FLASH,265,0.053481
Feathercoin,55053745,FTC,252,0.290464
Diamond,47242748,DMD,268,18.04
Vericoin,47286942,VRC,267,1.54
Sibcoin,44798511,SIB,272,2.76
Whitecoin,42266541,XWC,284,0.169973
Deeponion,44488386,ONION,275,9.19
Elastic,43679362,XEL,278,0.488633
Shield,44240135,XSH,275,0.091846
Faircoin,42559746,FAIR,283,0.800088
Pascal Coin,41674618,PASC,288,2.41
Nolimitcoin,37654517,NLC,295,0.183464
Gridcoin,37763227,GRC,294,0.096751
Solarcoin,42369839,SLR,282,1.09
Blackcoin,39392883,BLK,291,0.514078
Expanse,36655952,EXP,300,4.64
Radium,34816181,RADS,307,10.13
Phore,35250131,PHR,306,4.24
Posw Coin,36476698,POSW,306,0.827136
Golos,32644122,GOLOS,314,0.262162
Neoscoin,31400926,NEOS,320,8.56
Omni,30404334,OMNI,326,54.25
Okcash,32554769,OK,314,0.441860
Myriad,29391852,XMY,329,0.018996
Monetaryunit,31180041,MUE,320,0.253186
Colossuscoinxt,30636610,COLX,323,0.007608
Rubycoin,29371612,RBY,330,1.16
Atbcoin,30394794,ATB,327,0.748678
Dubaicoin,27185751,DBIX,342,14.07
Neutron,28493459,NTRN,334,0.849253
Bismuth,26270251,BIS,345,3.62
Boolberry,28149253,BBR,335,2.56
Pandacoin,30416242,PND,325,0.000935
Newyorkcoin,27894041,NYC,336,0.000211
Leocoin,27494449,LEO,339,0.283538
Bean Cash,27772842,BITB,338,0.011915
E-Coin,25029671,ECN,356,5.02
Bitsend,26177477,BSD,346,1.46
Gambit,25583714,GAM,350,21.31
Zoin,25150845,ZOI,353,1.55
Luxcoin,25914173,LUX,348,27.73
Hush,24595937,HUSH,360,8.04
Unobtanium,26330810,UNO,344,132.90
Linda,24754242,LINDA,358,0.004123
Florincoin,23341566,FLO,370,0.164965
Lomocoin,23337673,LMC,371,0.103869
Mintcoin,24906447,MINT,358,0.000998
Clams,24046435,CLAM,362,8.48
Asiacoin,21835542,AC,380,0.017158
Energycoin,23161526,ENRG,371,0.190506
Vsync,20690819,VSX,388,0.127593
Obsidian,20028300,ODN,396,0.801132
Musicoin,20703246,MUSIC,387,0.037304
Oxycoin,20433710,OXY,391,0.214791
Primecoin,21329768,XPM,382,0.959227
Monoeci,20336117,XMCC,391,6.87
Pirl,20118018,PIRL,394,2.32
Solaris,19330987,XLR,407,20.24
Russian Miner Coin,19803487,RMC,400,13141.00
Global Currency Reserve,19456376,GCR,406,0.187713
Universal Currency,19813631,UNIT,401,1.55
Sequence,19521208,SEQ,404,0.430604
Heat,20037622,HEAT,395,0.629586
Stealthcoin,18601542,XST,416,0.665722
Sumokoin,18676077,SUMO,414,6.61
Gobyte,20949221,GBX,385,35.39
Sphere,18421216,SPHR,419,5.98
Pinkcoin,17995630,PINK,424,0.047226
Fedoracoin,18567595,TIPS,414,0.000042
Curecoin,17007122,CURE,434,0.713418
Audiocoin,17380532,ADC,431,0.020531
Polis,18840453,POLIS,413,31.38
Espers,18595101,ESP,416,0.000885
Internet Of People,17063906,IOP,432,5.18
Alqo,16997788,ALQO,434,2.21
Artbyte,18128418,ABY,421,0.022874
Syndicate,16030895,SYNX,440,0.908717
Atmos,16078309,ATMS,439,0.160176
Earthcoin,15914473,EAC,441,0.001361
Spreadcoin,16515020,SPR,436,1.74
Kilocoin,20024160,KLC,397,0.102009
E-Dinar Coin,15613283,EDR,445,0.017618
Regalcoin,15496017,REC,450,1.21
Geocoin,15531979,GEO,449,4.57
Firstcoin,14720998,FRST,458,7.87
Russiacoin,15753585,RC,443,1.88
Dopecoin,15621740,DOPE,445,0.133696
Bulwark,15575026,BWK,447,7.19
Crowdcoin,15389974,CRC,451,18.43
Vcash,14481012,XVC,461,0.941351
Sprouts,16484324,SPRTS,438,0.000007
Bitmark,14114813,BTM,463,1.78
Bitcloud,12711319,BTDX,476,0.708565
Social Send,14747625,SEND,457,0.464588
Bitdeal,13824713,BDL,467,0.078736
Procurrency,14017209,PROC,463,0.145009
Cannabiscoin,14850860,CANN,459,0.192291
Memetic / Pepecoin,13458237,MEME,470,0.704957
Hyperstake,12950901,HYP,472,0.011580
Trezarcoin,13461711,TZC,469,0.152226
Auroracoin,12901753,AUR,472,1.49
Buzzcoin,12349410,BUZZ,478,0.000722
Transfercoin,12813775,TX,475,2.03
The Champcoin,12359633,TCC,477,0.074941
Blitzcash,11859779,BLITZ,484,2.88
Veriumreserve,11344854,VRM,492,7.72
Pesetacoin,11476377,PTC,490,0.086648
Innova,11911037,INN,483,7.55
Prizm,11590384,PZM,487,0.861154
Xgox,10535488,XGOX,509,0.008593
Breakout,12860868,BRK,474,0.708897
Dotcoin,10805899,DOT,496,0.038754
Bitcoinz,11304248,BTCZ,493,0.011457
Synergy,10856763,SNRG,494,3.22
Novacoin,10753263,NVC,499,5.47
Bitzeny,10108222,ZNY,515,0.133681
Intensecoin,10512327,ITNS,506,0.030650
Bitcoin Plus,10687690,XBC,500,101.72
Masternodecoin,10659858,MTNC,502,0.225043
Smileycoin,6027451,SMLY,573,0.000232
Insanecoin,2441195,INSN,671,0.132781
